{"high_ic_sigs": 160, "_timestamp": 1693980746.0178025, "_runtime": 2047.5758113861084, "_step": 1, "len_ic_sigs": 217, "_wandb": {"runtime": 4636}}